id,V1,V2,V3,V4,V5,V6,V7,V8,V9,V10,V11,V12,V13,V14,V15,V16,V17,V18,V19,V20,V21,V22,V23,V24,V25,V26,V27,V28,Amount,Class
0,-0.26064780489439815,-0.46964845005363426,2.4962660826315637,-0.08372391267814633,0.1296812361545678,0.7328982498449426,0.5190136179018007,-0.13000604758867731,0.7271592691096374,0.6377345411881967,-0.9870200098799841,0.2934381004820159,-0.9413861250929441,0.5490198936308889,1.8048785784684263,0.2155979938725388,0.5123066605849524,0.3336437173298195,0.12427015635408474,0.09120189881650709,-0.11055167961012961,0.21760614382950005,-0.1347944948772723,0.1659591154312752,0.1262799761446219,-0.43482398075374323,-0.08123010860166756,-0.1510454864555771,17982.1,0
1,0.9850997342386376,-0.3560450929163436,0.5580563509382045,-0.4296539034065106,0.2771402629466986,0.4286045153379263,0.4064660422512956,-0.13311827417649086,0.3474518951767279,0.5298079844330024,0.14010733071951936,1.56424576778617,0.5740740122153044,0.6277187366771656,0.7061213272690174,0.7891883649573925,0.40380988162701126,0.20179937246690233,-0.3406870994105202,-0.2339841559621429,-0.19493596375310734,-0.6057609055521909,0.07946907582376135,-0.5773948740161742,0.1900897076741061,0.2965027040269081,-0.24805205857704948,-0.0645119229692018,6531.37,0
2,-0.26027161274297056,-0.9493846066454119,1.7285377761514877,-0.4579862888424837,0.07406165434922213,1.4194811432767418,0.7435110747693963,-0.09557601337146092,-0.2612966191422005,0.6907077998548777,-0.27298492529876855,0.6592006642046833,0.8051731885973652,0.6168743863580851,3.0690247739919467,-0.5775135224933788,0.8865259684145712,0.239441660979288,-2.3660789277247263,0.3616523101955929,-0.0050202777531307315,0.7029063846645285,0.9450454906841043,-1.1546656286835624,-0.6055636614145458,-0.3128945478459945,-0.30025803544491,-0.24471822939465607,2513.54,0
3,-0.15215210191356718,-0.508958707673651,1.746840058804548,-1.090177941714601,0.2494857726542817,1.1433122633143087,0.5182685727677246,-0.0651299167095495,-0.2056976045189998,0.5752307097017012,-0.7525809603241911,0.7374829573995879,0.5929936683157765,0.559534988563895,-0.6976637148347814,-0.030668983889528916,0.24262916568901816,2.1786159998246157,-1.3450602298636216,-0.3782233481610685,-0.1469271369017256,-0.038212457850069326,-0.21404818976618672,-1.8931311053959845,1.0039631060422864,-0.5159502587046078,-0.16531649030384224,0.048423625556267516,5384.44,0
4,-0.2068195207397724,-0.16528020377717972,1.5270526784614766,-0.44829266295851267,0.10612511416543663,0.5305488615008258,0.658849134344094,-0.21266001147475838,1.0499208392737625,0.9680461083540552,-1.203171106948886,1.0295774241594398,1.439310226262037,0.24145399906423046,0.1530078543748829,0.22453812914300111,0.3664661955649724,0.2917815527861102,0.44531670875705803,0.24723701340838045,-0.10698401767348882,0.729727387309421,-0.16166570362789645,0.31256100953490806,-0.4141161944011353,1.071125586437274,0.023711598569375818,0.419117267018846,14278.97,0
5,0.02530229184371973,-0.14051381069867852,1.1911377729432047,-0.7079788118561594,0.4304903210757426,0.45897319169566103,0.611049586735272,-0.09262860612154547,0.18081135681886482,0.45178842019701815,0.03607130512402712,0.8772388982929232,-0.2897211432275731,0.6309924516919941,0.5602008596535647,0.7411315507055352,0.42176631893290545,0.3625038888856569,-0.24274884653008058,-0.07640029655293679,-0.1877393552725504,-0.5385181125792958,-0.050464986450855655,-0.6315530619299042,-0.45647996173526484,0.2526698696704796,0.06668092979208433,0.09581150731982829,6901.49,0
6,1.0164817337746619,-0.3971805392710764,0.4978676895018615,-0.14446279371757967,0.3310218239728978,0.6292427694008561,0.4312624487933091,-0.13400745217689292,0.7961590291922901,0.557014660619282,-1.735015951732288,0.5234247658240413,-0.6936217229367372,0.7965671281425528,0.011267593583800287,0.2282700338156174,0.44158385868705896,-0.032927589881821706,-0.25344737420943425,-0.39034261782755525,-0.17113728839400522,-0.2870170605830907,-0.17819669014930248,-1.2975971503788275,1.1825028840206888,-0.6042279473815688,-0.19816330728667766,-0.0876193386381244,18954.45,0
7,-0.05130608522134982,-0.007194479368535587,1.1399408997130955,-0.8778799020880308,0.6846677833552468,0.7143261109667721,0.8926151159502262,-0.9084091416596092,0.9019383336771785,1.258025377509123,-1.03942134592312,0.82274856130766,1.8535209771973986,0.17663708036544112,0.7695139017543864,0.4204033503057252,0.11241920589459223,0.10115550746858858,0.05892462132645648,-0.3247579316691717,0.6206762489642831,-0.9204257159701806,0.034660375591898794,-1.0915267633223862,-0.742074797754192,-0.10486268427665074,-1.3825217651611352,-2.7482678256229804,12298.23,0
8,-0.13068042969174304,-0.3495468967868306,0.4257863396969593,-0.7604440582393063,1.7027774311082158,2.3248160166720564,0.5689684197676761,0.049099674946254994,0.27311771829671927,0.4375179115384857,-1.107171841510061,0.5484851685885477,-0.21607753198491284,0.7426163890127919,-0.39440833714714435,0.3459128845334024,0.29157980849423654,0.3970626050176964,0.2593451040527162,-0.10916381641344518,-0.13278737366504198,-0.2847004193996264,-0.22777882527441318,2.248754184052017,0.5348460273987021,-0.9297382501753626,-0.22438485441923584,0.24378980775573642,22052.9,0
9,0.058419399176971705,-0.0935068917934667,1.1172701407774646,-0.7351717624989681,0.4661111695196928,0.33237139432169915,0.6834247268770631,-0.13667427251343456,0.09640944479599943,0.45346863025716205,-0.09641167380197799,1.3169024023859224,1.097693277260692,0.4913844677341842,0.12445143176301239,1.01849575160452,0.2804037306449175,0.6680907312518722,0.16329359284270006,0.04342830080882724,-0.20363435256911527,-0.601580957713407,-0.14508225169335964,-0.6547826728811798,-0.19662079696395796,0.22681825386862134,0.05711907748028954,0.10062926707495061,210.35,0
10,1.2060142158924958,-0.8835192668866486,1.02129930498789,-1.410046825434584,-0.34159072670441387,0.1014909279396428,0.036318183259545,-0.1414803351525208,-0.348832472179471,1.4994374972141786,-0.020663274397384284,0.2703697345984187,-0.44971104078319507,0.6520475854885728,0.2175534896827645,0.48516945574475534,0.5287767543876373,0.9963381238102811,-0.407218557226148,-0.5668476487530136,-0.10693227466255072,0.2521509423101384,0.004349589210365283,1.0659332566110677,0.33009979963702046,-0.2896907329995817,-0.18849049624699993,-0.0608150030191554,4741.71,0
11,0.40931350391755095,-0.2450630299826074,0.1525664741345738,-0.6713161861601812,1.874090789882146,2.139538755409162,0.6087362510908947,-0.026861673647764102,0.1858193549182074,0.7389740270929858,-0.7748183093409885,0.4306763164326141,-0.015288919270919651,0.9193637618369809,1.0802676826496083,0.39002573194029594,0.2106138290011938,0.5752222089443728,0.36932903112077203,-0.03485004187173385,-0.08322192238307571,0.18002085202783996,-0.014540229190178056,2.212669963481749,-1.2802614400087362,-1.2165458224491346,-0.18892882360548163,-0.23160776156991225,14574.34,0
12,1.033525323308698,-0.9016344738750205,0.6769795185102477,-1.3193131138078076,-0.21599960014271236,0.024725469790963853,0.22296478273322612,-0.20320968133241418,-0.5019053487080659,1.304234288387916,-0.4752192512670052,0.4743266096000483,1.2978993481653354,0.5461191158820188,0.8194107732540326,0.06472875844033775,0.7796302982401282,-0.14742381999208926,-0.8255849800770398,-0.2687626996658643,-0.19741710192264672,-0.4727220680512246,0.06242973648314479,0.832732304084106,0.180101649649792,-0.853823466286324,-0.20751411267050043,0.0024356515006546745,21696.89,0
13,0.886031292422502,-0.34903946246287987,0.9609310083780703,0.33300116631385535,0.1863789130909418,0.664915858096677,0.4005422307885046,-0.12604223739645756,0.3665886184288149,0.813282710181088,-1.1626637783231226,0.8478877535014916,0.06536555580593428,0.610802131098589,-0.7212226561549904,0.3513596206898721,0.48262755727292783,-0.20833448715341366,-1.1063892286611272,-0.32107264254068907,-0.11802710423670407,0.02573756798225146,-0.09572695895416748,0.24010701525614436,0.8331197623833277,0.24865986702387433,-0.21318951155204025,-0.0486304089327823,12157.97,0
14,-0.57154410022023,-0.5598773628510221,1.6091611363772798,0.04529729862847123,0.2017115321205284,0.9166510734790732,0.298916286679584,-0.5493113935927227,1.0038972031186324,1.198009314355914,-0.1717480757193071,1.2725515547591095,0.4536957074580803,0.3757951922128618,0.4256422692563421,0.297392648047688,0.39106161253361255,0.9269429765249514,1.5163149851999818,-1.8813884489417874,0.3360792117684257,0.16459073862838502,1.068877869800916,0.09118517349619867,-0.4564049502358259,-0.5499040145431889,-0.41974243034956316,-0.17306727802315044,508.29,0
15,-0.08661776210433847,-0.33039503172022416,1.9996875801133949,-1.471096102173257,-0.12574530677427076,0.4312160288931172,0.24543469581576421,-0.151661492516174,0.24968267213935935,0.9651079541637522,-1.1793325922158788,0.2293009331640112,1.1388374051603798,0.25896979389894625,1.3145434053947826,1.9643268506351685,0.35396422688058676,0.06732457692980508,0.14760402126024563,0.10322798153699327,0.09224664781695743,1.3031741619312696,-0.2792381278078277,-0.0857051336594906,-0.14729149489038787,-0.1883788075263905,-0.43704151302500793,0.21240982236159914,23472.79,0
16,0.913001365326641,-0.458442037286954,1.29094039097485,-0.11432288135495648,-0.00038703524361760714,0.6377184067856347,0.25178018931741414,-0.1091185693302125,1.0235786270846674,0.490541024505936,-0.9109830490928443,1.4225033372591454,0.7961573775375342,0.48084277802218434,0.36313389238650085,0.3265485508459818,0.43762814965846386,-0.024795428981635552,-0.7265283108759224,-0.2803084945373609,-0.1130882492850384,0.13978465659735448,-0.009802867621483335,0.23816351337054065,0.5197955080641723,-0.9247817798573867,-0.12988281255853937,-0.010544765051984017,6685.98,0
17,0.02127338488419496,-0.15291904979160348,1.029029283063478,-1.0103026996460822,0.6677178409348974,0.402170395624058,0.70726038681543,-0.1324638839035684,0.13191927903716347,0.32420814933139414,-0.4233136595608303,0.8116552120498098,0.3339844635716391,0.557729101111092,-0.24388118473212056,1.4004958174618016,0.18135060102194453,0.8401193008298149,-0.19233797644861264,-0.21126116445936854,-0.1822203221336993,-0.6345676136515833,-0.18092817749615112,-1.464908222587667,-0.628655596392058,-0.09876414658342195,-0.14538234741250364,0.21634105405215848,15493.04,0
18,-0.9691982953154655,-2.8275264535330464,1.2264305112878668,0.03520836795312676,1.9594394854919654,-0.6269501500786893,0.00437034892563921,-0.11571588448004014,1.3722417132658171,0.75612925901856,-0.13968832031344952,1.458654192889441,-0.1959081166114811,0.476479734788192,-0.5943711428229763,0.7955395511566808,0.23198474668712235,0.36688805646712386,-0.5729504110193104,-2.5863512578368404,-0.3105822593381829,0.9191958428911872,2.745323617574311,0.1178044598555474,-0.8447369197328228,-1.5702356913334787,0.24418843113848154,2.178391409861656,15927.38,0
19,1.2454297975029038,-0.8252641662024707,0.7186427824108719,-1.4508957834115266,-0.23467644109398686,0.04476982762412075,0.11999045210537289,-0.16445264019529618,-0.45540184051107174,1.5070061584529995,-0.0711008746037422,0.2872532210439043,-0.3501154770631175,0.7301002623301173,-0.09167213754047464,0.3695502515098084,0.5475279807399913,0.7322782739346502,-0.16773248922962902,-0.5675725888065563,-0.17519937616208076,-0.20188284631671657,0.016822344717589713,0.6279011451182261,0.46689570835148636,-0.5121131320780596,-0.21225981351953008,-0.08173229582673605,2943.42,0
20,0.6085949239651605,-0.958162624673406,1.105914643560052,-0.2782012663899107,-0.13504311392576804,1.1746735424441364,0.17205750648743895,-0.049052148422043494,0.24439202799965654,0.8689978418478282,-0.09575810370798483,1.8394889223983117,0.5044778455366428,0.5217902515993347,-0.8680169606330064,-0.3529912541929205,0.6291148172949812,0.7928143926962364,-1.4105305055944082,-0.3056327534710201,-0.22372723119052174,-0.5488977510001652,-0.07511925197871243,-0.515753852920056,0.033400770648961235,-1.0298160194812858,-0.13728488584890883,0.05335347765394242,940.72,0
21,0.8028945240936782,-0.33587296604932254,0.40103099333075076,0.15303762606543359,0.77877758133276,1.3680120380275533,0.470729727057827,-0.03087267818795706,-0.11830735669609853,0.952325896995669,0.16881799410308337,0.9158530076819374,-0.8846713248190455,1.3881612680264162,0.8007467343678981,0.15544346642724333,0.584733941941221,-0.5189469589686487,-2.1290122731410306,-0.4424172970999617,-0.045881173128060025,0.337670455376275,-0.07273376279625077,-2.174566894800574,0.5646375571580664,0.45633396836178025,-0.2190784413527276,-0.13544567351568357,20114.14,0
22,0.9643560847759401,-0.28062404184783274,0.4458986522098436,0.19963513140029357,0.43400801927922034,0.5269065563346755,0.5195936478665835,-0.12096187763676976,-0.025030844652380275,1.0631126157870563,-0.2168339915763962,0.3319115453790971,-2.0954627537254176,1.5121208436047051,-0.04105704056954203,0.7585097926327935,0.3040278101498833,0.25337768193649535,-0.9497563252830113,-0.48222970969548595,-0.09570094145998834,-0.09975287724791554,-0.12818918546539645,-0.6298252981606834,0.9276464210613734,0.2584822609174007,-0.2836666968626064,-0.12773449612064955,23752.06,0
23,0.3301517905940811,-0.35230248910672485,1.225774921862993,-0.6706256210096379,-0.16944917838276807,0.3891884070884326,0.15434449289622437,-0.49225497527421647,1.6284225021488716,0.2942221338853335,-1.0112754711564491,1.0177378357013465,-0.3874993519928273,0.7465944121059305,1.9258214876899757,-0.15079216493229905,0.7400990081169199,0.6357383907143949,1.4842455223899247,-0.40221862220897164,0.5164690368653516,0.1439970798436016,-0.20913951032425815,0.8976169288757473,1.3057012372947587,-0.53014030582056,0.17207068129997566,0.5041634238581431,9493.6,0
24,-0.400808102327041,-0.46002615265132357,0.3092190397798287,-1.1806462054885354,1.8859399260614664,1.971668610306887,0.4117048872175933,0.0501963897053698,0.5251592023948752,0.8717302708525008,-0.6573104308444201,0.48890934309887596,0.12171974094118775,0.7200827068801445,1.4265068298967665,0.8816223355018714,0.1700081538894502,0.34586708223125223,0.19324849404497738,-0.3872921866088507,-0.3426514267490012,-0.7411249955655745,0.9017190263882492,2.180526728216703,0.44715518440488927,0.3482128642513387,0.6772873559575526,-0.06481273541699509,12142.95,0
25,-0.428662013285952,-0.48657688458372794,1.3353696622211333,-0.4453974472682187,0.3749921772822985,-0.10468464770897208,0.6386197395199257,-0.17598414318260475,0.8035623496401961,0.6640177109181199,-1.2312705729376083,0.5083676583642439,-0.5949765808477459,0.5632407560280619,-0.272542338627142,0.2821010462776666,0.4442029995214361,0.03075615878557329,0.20715940077491798,-0.5662826285986188,-0.2686541592601004,-0.24859828877756754,0.7609812627466873,0.8449331336398798,0.32650041060070484,0.6130085657883483,0.20228568401161662,0.4867268646885745,6152.06,0
26,0.9698197704741286,-0.32782170652911297,0.6205808173353294,-0.1688471802041001,0.1885000684265252,-0.07723297971452397,0.5685309460080317,-0.22504873727679306,0.3523229410317805,0.5788957793951597,-0.6973349056305276,1.4687317982257877,1.5866153297784964,0.7580067923748395,0.8648353182455848,0.4567164511172217,0.2883458329344579,0.11966970943067608,-0.5585865295896683,-0.1345048230047354,-0.07641403504729093,0.1699363983200021,-0.17460793645096878,0.9234355858141938,1.1383956878138979,-0.8075379837294936,-0.21908104240104942,-0.0274849809559954,12276.67,0
27,1.095336591788905,-0.5050134192625911,0.7066006032074388,-0.3779705366363533,-0.03133100792907257,-0.023857973230510112,0.3467708078933195,-0.20177764524468056,-0.06338309115298224,1.0325371040015021,-1.05668313394049,0.5479787586644589,0.44459552298852,0.7992955843147354,0.8911900145434447,-0.1368095335265773,0.37248517374594314,1.4046265883677052,-1.3527722759033158,-0.7114885789837584,-0.21909225352335862,-0.3334434185714217,-0.06186655797573252,0.7356506881311774,0.8526564894484399,-0.6620751279448853,-0.1890881259868319,-0.030431060024241372,13658.07,0
28,0.02962709761781894,-0.1569692382308529,1.6865445373748478,-0.05144790762412088,0.25639279715806473,0.35975227287515926,0.7212675096018312,-0.15908003618953354,0.1681985305557985,0.46110999283059595,-0.6141754353279224,1.266343702774619,0.7228611366720246,0.6564767575251774,0.041167321975501964,-0.1538465542658924,0.7368580169919335,-0.1913079848348655,0.2380819937250574,-0.06388463386405456,-0.07234092976819978,0.3910420238391774,-0.06266195636556732,1.3824190984684808,-0.37904095231157525,-0.6552540249382608,-0.021581571396716903,0.26853167729873817,23323.5,0
29,0.8781316829628651,-0.5054639442205788,1.2899715366483082,-0.15026433893783311,-0.01583284473902322,0.7953213264205911,0.20178796382806335,-0.059547393491973424,0.9626900068269335,0.5711773798356309,-0.08340728446580556,1.497604181818082,-0.4785387923278593,0.6804527040271512,-0.27992254324882093,0.4682601987077856,0.37954556818262697,0.34474172571160977,-0.45731213624506717,-0.346909323708768,-0.09771380812621201,0.15657638883326538,-0.009133156074518011,0.04258712075527737,0.40253364103667294,-0.9583066890650611,-0.14329695540101287,-0.041554727624387,11920.94,0
30,1.022980408349042,-0.42393807747846834,0.6750134095491821,-0.30569778630209843,0.12229276511120664,0.1840733561462096,0.43525467408106333,-0.18249807466660697,0.7781546197502949,0.5139277236362809,-1.2926652666736451,1.0196720182016998,0.4315878035655606,0.6234166642488246,-0.2796096598054103,0.35587525190001407,0.4032540913358849,-0.0438866447586525,0.07863882279872163,-0.23116774312952423,-0.20312714429868375,-0.5137155466639491,-0.0684657675677979,0.18986078557425587,0.766053681068671,0.642996818583775,-0.26360491083616117,-0.0714944761999535,20901.22,0
31,0.9216677475757523,-0.415696524954711,0.7421098803074392,-0.09823488007384008,0.14293664232758424,0.46986509761054834,0.39330804714603634,-0.10929524096413569,0.6230197727283707,0.633964390197516,-0.047779550633080946,1.1106531145578875,-1.4598036252238515,1.0275703416780435,-0.7397278504748381,0.1883825216845258,0.4946144104710653,0.07886528245309418,-0.34062214500777444,-0.44715630929365535,-0.12462572558369925,-0.04743606101802944,-0.055579733190615564,0.42681220464229463,0.8618832818109929,-0.8091777238399153,-0.2044646613882916,-0.08934873227224518,8010.4,0
32,-0.012136523611287371,-0.16643581289498396,1.3561036111179487,-0.5593519650205204,0.42744668990638907,0.5329769933172014,0.7087871589662186,-0.11219908355480002,0.3301789305164826,0.4108535199462765,-0.15934988818328633,1.3326650827338464,-0.5091117215007908,0.757752675677359,-1.5173535313254432,0.3069510893239199,0.3448335130611993,0.07586999203255082,-0.9560991957368478,-0.46452008647853416,-0.0844089319830166,0.15124173190449788,-0.20933306519041203,0.03892540922492315,0.07737420924129285,-1.3814042265683266,-0.3201893880091192,-0.04376245785810133,13578.11,0
33,-0.012136523611287371,-0.16643581289498396,1.3561036111179487,-0.5593519650205204,0.42744668990638907,0.5329769933172014,0.7087871589662186,-0.11219908355480002,0.3301789305164826,0.4108535199462765,-0.15934988818328633,1.3326650827338464,-0.5091117215007908,0.757752675677359,-1.5173535313254432,0.3069510893239199,0.3448335130611993,0.07586999203255082,-0.9560991957368478,-0.46452008647853416,-0.0844089319830166,0.15124173190449788,-0.20933306519041203,0.03892540922492315,0.07737420924129285,-1.3814042265683266,-0.3201893880091192,-0.04376245785810133,14494.3,0
34,-0.014058241081931603,-0.1690292991747366,1.3592638237125885,-0.5584024294315781,0.4362061613295537,0.5254988277185861,0.7010196735978479,-0.11134893348808528,0.3307698362262553,0.4116392817069563,-0.15965499388420215,1.334544862429236,-0.5091904573642537,0.7584854386105866,-1.5175459176794945,0.30616143933786294,0.3450921414116731,0.07605828838161162,-0.9564451351466089,-0.45706936533130854,-0.08338071926355381,0.14975606913559975,-0.2108744377693719,0.038396156300062274,0.07622598934682207,-1.382957728094541,-0.3257399169669051,-0.03863703867882263,10768.39,0
35,-0.014058241081931603,-0.1690292991747366,1.3592638237125885,-0.5584024294315781,0.4362061613295537,0.5254988277185861,0.7010196735978479,-0.11134893348808528,0.3307698362262553,0.4116392817069563,-0.15965499388420215,1.334544862429236,-0.5091904573642537,0.7584854386105866,-1.5175459176794945,0.30616143933786294,0.3450921414116731,0.07605828838161162,-0.9564451351466089,-0.45706936533130854,-0.08338071926355381,0.14975606913559975,-0.2108744377693719,0.038396156300062274,0.07622598934682207,-1.382957728094541,-0.3257399169669051,-0.03863703867882263,6884.95,0
36,0.09493539293727214,-0.28971034732328965,1.657714090109802,-0.5078776281873947,0.2492696470924762,0.11275122515655864,0.7445926935147045,-0.20755452867805152,0.5804391631642212,0.44094721723048946,-1.1942343405781397,0.5066918289228076,-0.5691336924710975,0.5603117540033329,-0.40290315726850373,0.23565817374996076,0.43064997713775155,0.022296348605022512,0.08420690871415203,-0.11630816721783883,-0.18214004184965824,-0.34378652671621773,-0.10251355472263356,0.8326318558198688,-0.13442090277624574,0.4522273215977163,-0.43102689483987394,-0.5935723061983788,23254.5,0
37,-0.2842362559915676,0.090575290912325,0.8157839858796601,-0.1535356651550595,0.09306678760557403,0.6149278118156842,0.3490523463690506,0.10892472199964454,0.16101967027694836,0.6185949000401738,-0.19908323970433128,1.5996791523190856,-0.19747187036638733,1.2127912982201532,-0.5921434750784,0.06750486973108737,0.7090938338057743,0.241285922636937,0.5832566603124002,-0.1540867531173629,-0.07033578630377084,0.263573646236947,-0.0934206399170341,0.07705121972602888,-0.15624022942651827,-0.5696157829445753,-0.06237953209149662,0.19109074723539765,1319.01,0
38,0.8289067177580133,-0.4869634260048638,0.7748167946038731,-0.32680701581793586,0.30728257726232244,1.0973821639240635,0.3376067426595974,-0.058035994482819604,0.7097688871365658,0.43834665098462894,-0.24558523686766134,1.785018231355208,0.4754901016240992,0.6817135611497761,0.9079617530963674,-0.23946338413627197,0.9878973975563503,-0.8928940745520588,-1.569101763834446,-0.37344317440307395,-0.1339516764984028,0.05785531283141641,0.1422563813227497,-0.971890037077612,0.09541920701577417,0.8165969276939912,-0.17953074781092393,-0.08776977729754075,21452.7,0
39,0.9191526914451408,-0.38799603885858036,0.7564491679769724,-0.1017934301904069,0.18159348745420076,0.48717183641981354,0.42219084435547083,-0.12566611149769144,0.5054831466911412,0.6176001202386221,0.03757412336185148,1.8247665091185012,-0.18125933900588534,0.862289956570755,-0.8703172918881177,0.1622183566926617,0.47001984936572155,-0.0015610716396695752,-0.34854776279284505,-0.3595192737116175,-0.11836287723680133,0.04556367206063913,-0.0724214289362016,0.4962529736442448,0.932821345784609,-0.8204742733974206,-0.1955436329478067,-0.08202802036893028,6216.65,0
40,1.032731921891089,-0.669436736418382,0.20392196512249555,-1.1675252569173464,0.942577678314089,2.311695389580087,0.11758469010471899,0.07777679040115955,1.0741960028211144,0.47572478901311055,-0.9153648568852426,0.7756816834249735,0.059407307083401376,0.5905989580656901,0.372484811094921,0.6766267546528004,0.28817581980250706,0.3972230572389332,0.26288307392674487,-0.06333211843652807,-0.10572361979859561,-0.03459886293080225,-0.15371378564573884,2.4970141110983968,0.7510807632768659,2.3178725639779767,-0.292292104558543,-0.08779864450092587,10890.5,0
41,-0.41450398525505955,0.2092335004054674,0.5466729772976668,-0.1596776323016423,-0.02476220730964236,0.5790377326587349,0.24304224051288914,0.21990185903282694,0.17153847883489723,0.6551764413198279,-0.2569135140801441,1.798772381831793,-0.13441533983580897,1.4135527366806733,-0.6169928500822106,0.10951673612367067,0.7777408742078089,0.2553803346109603,0.5560229025264206,-0.13362475452111577,-0.06531523380690533,0.23401314730190098,-0.012561697623945262,0.066097177561411,-0.028330423925383173,-0.5513620902004213,-0.08756182766991234,0.18488789520725013,5521.22,0
42,-0.03905547829503467,-0.1194937306847818,1.6984245917504817,-0.13413493002627072,0.42941435093661945,0.5436541911640553,0.7696485975886581,-0.19190631305874717,0.3540745368744358,0.6635665710911841,-0.8648098762231364,0.9087963069082637,0.5667955570570724,0.5249420384405377,0.2229231666739137,-0.13404354066590912,0.6247257922575566,-0.1241434474198045,0.4106752890134918,0.09411264185629675,-0.1384181880422187,0.19896710111445695,-0.2872740072783802,0.26686928983027536,0.200584396976426,-0.5038104266174893,-0.12810205749335815,-0.18005577065079986,19443.16,0
43,-0.1431115465650746,-0.3874344070543728,2.7289668548020143,-1.2206548459568143,0.14104802482000786,0.48264536000704705,0.33710957100557865,-0.059137980695711696,0.47063352421292026,0.28709393859605725,0.11737560662247622,1.4406786926509298,0.49935311645212654,0.5844667965646301,0.48062838276481556,1.11262977070123,0.20742707080355866,0.558834361427497,-1.3273494288514645,-0.16855281881858022,0.05445451931362646,1.0019185035137055,-0.18238386725525407,0.6272583069126173,-0.49839690653096763,1.5459847244682,-0.18405745779214575,0.12687640958487328,21846.55,0
44,-0.08975310896247639,-0.40158285177065123,2.6211982033997074,-1.7482898725556124,-0.04840788578217555,0.3193717652225993,0.29981771529046997,-0.11908458909720629,0.031731487723349196,0.5820209367998426,-1.0919945252173555,0.3449598464426074,1.4745063058786938,0.26815700534429004,0.7277317395079398,2.2513955293918726,0.30293838159753345,-0.006361932233699785,-0.47269544392916274,0.19864077322958623,0.0668294076864175,1.2052164552540126,-0.4232770540555592,0.22080918746627534,0.717927009767806,-0.19691736697671613,0.1496703800573566,0.22737895188558058,8569.61,0
45,0.9412995121810449,-0.4253162900749291,0.8401511257778725,-0.2636339612621225,0.0855618324235727,0.23481611723294615,0.42828139159274886,-0.16878568713150668,0.6890832495166963,0.48978679057306784,-0.6083366356004201,1.6317922279079133,0.8323950512516057,0.6060533074329857,-0.12725354334100594,0.10902470150120967,0.5765748265243114,-0.3759518541681211,-0.4536351896119545,-0.24354855858336721,-0.16970953625851368,-0.26636471306522164,0.03660102317161684,0.9694283096366774,0.514233576934144,0.6130290947918023,-0.24067089997909077,-0.05874648888808488,3646.68,0
46,0.07669047451872389,-0.2984646456964394,1.276810046171804,-1.6512214078391076,0.2874529634902233,0.40563175312499317,0.5837258914429966,-0.13078217960175456,1.0485495158693883,0.0960762355672184,-1.22259772154115,0.6528205688374753,0.016478913983348557,0.787401922183927,2.5342890976798866,0.22840877176861615,0.3425917636182473,0.35987419540419974,0.2940657815484822,-0.19738290099877936,-0.129341663370119,-0.15276286496312794,-0.18059902587134058,-1.3289907215543575,-0.08497055703440475,-2.181662207821071,-0.08430509889997181,0.05189852025330193,23818.48,0
47,0.30508545659303216,-0.2820818735674539,1.3781835702746839,-0.3798146239097428,0.032759375842260775,0.1563270427285749,0.40730686009376726,-0.35017350750384185,0.664828616189014,0.41241867852097064,-0.9573815315980508,1.1620738628381297,0.16837128770778104,0.6210351459840077,-0.6558873624061531,0.21207748624326525,0.5185860066946854,-0.06125658209474239,-0.23447101352475616,-0.3931351915148627,0.1754516197303022,-0.1990182854193851,-0.19019357903084075,1.6897818817085652,1.3019659277020366,0.953904116125474,-0.07014330096842056,0.4289542013213521,22160.2,0
48,1.1506153954653038,-0.7338556862828792,0.9261234216524549,-1.091021643262,-0.09871035605655884,0.6724492454978487,0.0923411091026251,-0.140517146429834,0.3204827626261092,0.8731836884810139,-1.9448759100031607,0.6435685606833494,2.144317752472732,0.37416610435776365,1.7883467890432336,0.313308844724066,0.18054980511543076,2.1318803223371776,-0.8040814181505311,-0.4463163615590978,-0.19614937915562208,-0.15553657158246248,-0.15526793744023354,-1.52778495860485,0.21362820272499236,2.3151649924499167,-0.23721546925003725,-0.051973005569239006,20406.95,0
49,-0.1802146112016768,-0.007129639682055904,1.1492900639418837,-0.13087695979075437,0.2543890355082349,0.5022088133274075,0.6264092599989954,-0.09707245933278841,0.40425326145303553,0.7250450171825034,-0.9720627655847803,1.0764681596604546,0.6409606212551863,0.6413203649062511,0.14239986748798278,-0.09542674199741304,0.6790131238520569,-0.11349919260940085,0.35749291722666954,0.07479602435192574,-0.1262390225438948,0.25239923800615327,-0.15411155394305526,0.2589532453210114,-0.12901395074394978,-0.6110205291793237,-0.09899340583213037,-0.1217799888016352,16577.16,0
50,0.9912951409294184,-0.4008552554262153,0.9854727658148984,-0.2159105157510386,-0.01514452395667227,-0.0574829090440749,0.4191896425619818,-0.1989319069558019,0.7465449372911663,0.49812148078332874,-0.6662922857472178,1.8589869140303386,1.1832664205978083,0.5059207527478133,-0.645226819679289,0.16477519353817033,0.513878729427499,-0.1685218565151272,-0.23193101762630575,-0.237631843157555,-0.12028167933554451,0.14212334267060783,-0.05713165714430247,2.2528781132908393,0.8517257743068115,0.8728663912984136,-0.24450505006652404,-0.05674667172962962,16184.13,0
51,-0.16345461852077778,-0.8082361414514584,0.4590283882130047,0.6081479383054595,-1.2773355918661797,2.948937957486096,2.8089553609182265,-0.5688143602612299,0.3345695935585958,0.5047929260665098,-0.521316143248302,0.576710104623995,-0.7436034116954363,0.5352814994318509,-0.9838141217064709,0.8260999285056859,0.4717250707411039,0.9684533931239463,0.746615851727562,-0.16503022433800274,0.4241099566248656,-0.38452372283928266,1.0120961626089264,0.07413988812243216,0.8720555410700864,0.7343220915965651,0.8956446013899556,-0.28295132350391405,4907.58,0
52,-0.20989845140305455,-0.08217392835240118,1.4056461185862528,-0.26844172993749166,0.21389421557126864,0.545267464609062,0.5283620796360707,-0.17690793324956183,0.3886176862192681,0.9172444654697328,-0.35519888893788104,0.5559631410517771,-0.27748462539846036,0.8223838195384782,3.0680759485482683,-0.07229188023381886,0.7735126268115975,-0.2847647500088423,0.48889103312192844,-0.28719784103288304,-0.09338094798035496,-0.15249582729209502,0.19490523051199987,0.20625516196500893,-1.5487655708647872,0.5130455235199611,-1.0451490047126388,0.4668048994090342,23353.66,0
53,0.9068451116995369,-0.4846936366912313,1.398199360652601,-0.04336942999254325,-0.09435965366562005,0.5174950004622779,0.21353844802603436,-0.08626765106483042,1.1855742485600826,0.5368993229076418,-0.9541873522037081,0.5984397802429561,-1.2825584085987636,0.6687476585735274,0.5456721082454304,0.3463296363119291,0.5121504734590747,0.03981951371929351,-0.8748520494006543,-0.44841947891524,-0.11655990430795833,0.04328859385671962,0.06737844536755709,0.7655189186066245,0.3294243327102017,-0.9143887565288985,-0.14381258745993936,-0.0173685259614263,5152.42,0
54,1.0721876250422155,-0.33168148023761,0.5153600476096101,-0.38167147699407866,0.21141121323117235,0.016575888518564386,0.4584592921798121,-0.1901430615427499,0.5386058022241417,0.48556655093934187,-0.9854432450692419,0.647882582757827,0.3861539631055525,0.5465137925038405,1.3517731683110645,0.9292392630128055,0.37766440040230315,0.23901544345655976,-0.21027750780026525,-0.2307884543133219,-0.23533781926364167,-0.849769662539073,0.04109723578938932,-0.32049776115511097,0.39068742505399107,0.30084351142080223,-0.26476449342030134,-0.039187452237454574,5862.33,0
55,0.2819731266071849,-0.1667977992171921,1.0587822092938735,0.05644138063080717,0.30911341120791447,0.538976902713645,0.6448286705702697,-0.15904027143518915,0.27158802838533325,0.6123232245298262,-0.9486454716426653,1.115543961252148,0.843000104392891,0.6764051459707768,0.35556585046182876,-0.18310768213585285,0.7289913981631763,-0.06900222614091289,0.8330925100624879,-0.07145901426887002,-0.05684789656861432,0.6226350802416789,0.09984125059720347,0.26263116885721133,-1.7949193502955638,-0.7210801595218574,0.16034567956398058,0.5165493321789314,8094.84,0
56,-0.020577047124921446,-0.37251540541743083,0.9718760296240572,-1.0253006990675426,0.2671539900368418,0.14476134018184336,0.8784905116132834,-0.19800651193194557,0.6598383052709711,0.1347770036731443,-0.6659838414416629,1.4408788534409296,0.9261619099596456,0.7831756104127987,1.3807848741284456,-0.32037291811162094,0.7222176776566951,0.017565865813300652,1.0328875507063593,0.22228499684280562,-0.019063681813865682,0.6332901769413913,-0.029558275916247767,0.3247002135782476,0.3205562698389362,-1.078093276276529,-0.06485931607873771,0.23670758079379964,6685.2,0
57,-0.2531281665679602,-0.35559310668901944,0.4022886088486858,-0.995308638835522,2.1219331670904076,2.0930837626904135,0.41293064792415246,0.0600154836695493,0.48415110772331477,0.5302920930858879,-1.1556318351723498,0.6060866626008059,-0.28821900169584386,0.6797791729786701,-0.7982301323361196,0.48427982697501104,0.21862937678536837,0.30668458891809236,-0.34685914917792665,-0.2802722612370722,-0.16432809723564948,-0.3232125825171358,-0.39437569321942473,2.256754443336649,0.5023976987758929,-1.2654816691057391,-0.05043498802929008,0.4517596138815338,15846.22,0
58,0.9190013552413724,-0.4169063921972753,0.6898415248444371,-0.11375237439673236,0.18950881051768653,0.5446600832306246,0.4057886533214524,-0.1125904423003784,0.5887773660233865,0.626494848399471,-0.09346299058820659,1.2727469484403937,-0.965795169352026,0.9596524547314343,-0.7707660717724971,0.20715210239473072,0.4601831647195374,0.08714098587339009,-0.2781360823820742,-0.3905659415835418,-0.12575251703078252,-0.05371804762121088,-0.09479997922068488,0.0452475543165269,0.9289024369772124,-0.7826799231366828,-0.20350327867147422,-0.08815975262970938,22431.5,0
59,0.9543055662862606,-0.3562690533649743,0.6775231975310498,-0.3783806377825061,0.17224820004376684,0.2460522600637677,0.4055752365781944,-0.13821421275075466,0.3445939927584368,0.5319095935317555,0.2976598446427548,1.6393421450468477,0.2697588955435613,0.6644239579610466,0.6859018412592295,0.6790813075956715,0.4709722390426743,0.11608056930435971,-0.5170581062404822,-0.2654772884999772,-0.181571823864178,-0.536685840187517,0.14976884148370667,0.40414501136784503,0.06167459884145072,0.22555193291728698,-0.2487902816979388,-0.05256029003848129,4087.1,0
60,0.8209591205125539,-0.5152309277237709,0.27766382384083144,-0.44635848335199335,0.37952751519930666,0.3419611396162968,0.6555616393211816,-0.1989663265888998,0.35184916883970685,0.5198385788347882,-1.0463385624625716,0.9356270556519393,0.9001739014499474,0.9251410325425697,1.2074908001826241,0.448378512112969,0.34569887721931725,-0.2611359167342816,-0.20493622262859182,0.1032820796784382,-0.22798741757304977,-1.0844370612310903,-0.10193447869360323,-1.2369544094848628,0.3895255363770344,0.45715000750368073,-0.32230945005007877,-0.03418015824540907,10243.65,0
61,0.9416593981028988,-0.8901546627449612,1.4059240659958494,-0.790910003150608,-0.3658977187863452,0.33508248785033695,0.06420764081456933,-0.12867396017007046,0.5777596433599473,0.8304254819335333,-1.2637736027479511,0.5071543842470154,0.22557679731020336,0.43288038784932475,0.9103743802006959,0.03410300502386372,0.4150379018965123,1.692025910638617,-1.107024213934257,-0.47395024083292997,-0.16643245605637838,-0.07109373759396515,-0.043729667599922334,0.9206445753833381,-0.13177695409818474,2.2250385597711246,-0.2476302715283152,0.0003619231235562474,3461.58,0
62,0.9471522048769964,-0.2578064982308201,0.5723511163597801,0.2997912279005453,0.2182408391552852,-0.15853732288300837,0.6335386443027082,-0.20637618920729275,0.01896399903530384,0.9707317831952815,-0.9099696184322994,0.2748715158698218,-1.2690706062663237,1.2287046378187565,0.32242609378305154,0.6622367285684256,0.35143808107361874,0.0504071649079559,-1.133451396717135,-0.3604896195728961,-0.09874359608624422,-0.15208954124928584,-0.10084048058877652,1.4934242538916935,0.9807991443910301,0.12544080141502967,-0.29784705276588586,-0.0608192658091868,5283.12,0
63,0.09359007132202903,-0.313193080220586,0.50878002681966,-1.2099164053263574,1.5335569650011898,2.3315242866956805,0.54816796278411,0.00545507730585973,0.5039547578841339,0.48995878056885056,-0.9442967411068239,0.5190653157700047,-0.20374198985868017,0.5648900746375874,-0.2310418549420797,0.3959403005166678,0.277975507950542,0.22309919953753263,0.42022404193341245,-0.05337986268491985,-0.20806415234961223,-0.5871287126360684,-0.18074103838487052,2.296282142664045,0.11322868613083129,0.6876356524590153,-0.5490430472785095,-0.6429886907322145,13296.95,0
64,-0.009585934982711417,-0.12583601392176752,0.6165025920931,-0.05083679742477445,0.00864928524622662,0.6746089112072747,1.1070053486490772,-0.24073970798877894,0.22675323926234814,0.8419293270428111,-0.5859984182843496,1.0758871218005026,1.5208686234401596,0.7127526379800296,2.06061652876363,0.006800448577721746,0.5262015119075085,0.07408048925502056,0.5349041737957555,-0.1763375455369829,-0.03467941785963835,0.9470015698482778,0.04708177851092802,0.34566513054917103,-1.7897608615034255,-0.7185297344672366,0.14832012874282294,0.6639808334185756,19352.38,0
65,-0.13240331286647755,-0.398758810759708,1.8318367731796783,-0.7284787614508194,0.7376561276943475,1.4708033617913485,0.5196973452660119,-0.000518407751042291,0.46294093037756584,0.40395950095603633,0.0015686437466846963,0.47758145583490025,-2.5244251363104424,0.9337900332838284,0.3503495961241513,-0.1418358387507345,0.8172819555095548,-0.46933873423972006,-0.79237117532853,-0.28840590042222597,-0.1360565534723781,-0.05859982139125889,-0.17184728269497837,-2.1925678479473887,-0.12341754387303484,0.8945295751718888,-0.3570310538334136,-0.5616697214251382,5334.31,0
66,-0.07450259994305297,-0.2765892040332046,1.7735294919777995,-0.361974277515222,0.6339825634876317,0.4114417777722357,1.0796367920961703,-0.32541940767598027,0.6483216622426047,0.7173871977499898,-1.449006374809916,0.4136569773970742,-0.09036450777261895,0.35764572482793794,-0.4337433099181338,0.1331093543398241,0.2903438893548129,0.15642002186916684,0.1498206748727753,-0.053738973284917196,-0.19259354544664825,-0.05944209845119219,-0.44952355184026604,-0.20633075251515154,0.4740168652132067,-1.0769918756680465,-0.9228370259665151,-1.249658044284848,11204.71,0
67,-0.14702088264659624,-0.36182350758309145,2.9714814754312964,0.3620881146829924,0.31179239168825995,0.46033796151853273,0.4800643630794147,-0.22074917310365438,0.4210497642170378,1.1286952656238063,-0.9725937307953818,0.5031552995271485,0.1595038807108248,0.3023234742924045,0.046101365447739615,0.3898588343951644,0.38539158676098645,0.25873579902210525,-0.025815877407340405,-0.22069469568889072,-0.13692611921507333,0.3508744461645784,0.1892374234916427,1.5501376722039342,-1.0299269435984215,-0.13440702337445118,-0.576351168727658,-0.7608412651818749,9567.3,0
68,0.7760195603069816,-0.5584015175583275,0.6790938753112937,-0.39057627791755234,0.35420339881939494,1.3454128033381383,0.29753821408916387,-0.00831293526558556,0.6363187001624299,0.506874883149034,0.2600111593136984,1.9479284923042557,-0.4140814756445044,0.8876213844256912,0.19808789005738134,-0.12919076323710615,0.837295554875349,-0.6577604705521558,-1.1730061931270699,-0.354587488989732,-0.11949336473551893,0.030339066136353326,0.07469172148596134,-1.6227006307478014,0.05485747044958579,0.8239244110918712,-0.1963234554605733,-0.11453293791023235,3837.2,0
69,-0.39563458424244746,-0.7632565695459071,2.2661554590354736,0.11560014950466953,0.4287400747731324,0.25296393793855354,0.6094140463116945,-0.27459855891454854,0.14004182867153955,1.359270686826983,-0.9613073827825933,0.14605934409479668,-0.3333242167890847,0.3406716471388116,0.3434305899195599,0.48390221817283563,0.5727317927321437,-0.24124629239200512,1.2734238126427468,-0.5477766556482332,-0.38813841810285427,-0.7244042393354626,1.1422566774873513,1.106269147739518,-0.6618941997716334,5.047147610153409,-0.8435340441138236,-1.0617284550010015,7004.62,0
70,0.8368157390289979,-0.46906864668500536,0.6561738145479669,-0.10032258178471024,0.18098985528496656,0.5640101849590802,0.4359690578457975,-0.11901447701438946,0.5584636844331275,0.6119587324193682,-0.0738537708055775,1.4267596728655465,-0.6713906900149811,0.9308191620101102,-0.7924746185200068,0.20484984572104997,0.45513787039220815,0.07530299641046204,-0.29423118326906716,-0.2569867134149375,-0.11132868219036245,-0.06039156851500177,-0.14525370036888344,0.0893866330909218,0.9115510262857356,-0.8013688610437354,-0.2133311744022119,-0.06365064248248212,17744.02,0
71,0.04313763383463492,-0.2091412439013597,0.42278425706263817,-0.5414030370568713,1.6530773010469653,2.3590457168741192,0.45351110399770406,0.08012587343405632,0.26213565711840686,0.6011976102214188,-1.043482282101541,0.5453235990573768,-0.14313621325349243,0.78064787875942,0.13595385117355654,0.15559498018211126,0.3946144751566639,0.4706380472324336,0.9481255933187993,0.15515384421462658,-0.146635249553367,-0.18579693558267088,-0.21833268229159244,2.2543528639722443,0.15426653524761041,-0.5550552451930185,0.2696174972270368,0.38933408028599054,9417.64,0
72,0.990040338823729,-0.3656069438977409,0.7518211506517194,-0.34580312897998655,0.12033155087976602,0.02978016747374584,0.4606992324815212,-0.18175797454029965,0.4636517264777192,0.5526238276161164,-0.4323020458835758,1.1522564797593824,0.5222264927883421,0.8588650942196849,1.341798478376881,0.3529764526023675,0.44319543372672826,-0.27112957847268915,-0.7405091090232999,-0.28763440071930496,-0.16385208157815953,-0.37800798008421344,0.12498813920066287,0.8802142688690405,0.26473934910189517,0.41735366547464525,-0.2564720860196228,-0.0614413124600532,14727.17,0
73,-0.02975433259189502,-0.2867408709627349,1.344476238034326,-0.750951881463196,0.24247097566541018,0.16881884259057064,0.6219891299188633,-0.12563084965669907,0.566756800109692,0.4338695429431538,-0.3585208821709826,0.6046849501040347,-1.9691817116413917,0.8924616350923906,-1.4341093277390022,0.5447553911660808,0.31799836863357783,0.38248238329294915,-0.23182620249131533,-0.47336410992913497,-0.12015031372579628,-0.17822001914424507,-0.022319974205878813,0.6424043920735741,-1.1492706525598222,-0.021023918832637746,-0.24500847253941815,0.29639610917464687,10770.16,0
74,-0.36628186463349693,0.1153635360526975,1.0690469213958844,-0.17642910426673045,0.17623302537118501,0.36021387597575205,0.668737256207588,-0.1378969671081522,0.9559717275821215,1.4501362270756186,-0.7094967776184765,0.9304811380067457,0.092938800259826,0.5074283244259643,0.26544103068703523,-0.15961369198636058,0.694783113660258,-0.1767497094460899,0.17149656438870212,0.5007715381085329,-0.17645669415934775,0.17689854144096784,-0.11578635025721003,0.8859557276746824,0.11671468572562099,-0.5434840800627566,0.8285359230882067,1.3876175409774612,12164.52,0
75,0.9093116322310055,-0.37688413580565777,0.7615697198315885,-0.10247145095899376,0.20396845142789571,0.4988089629756102,0.44280434681891595,-0.13592026799160342,0.4369091160916262,0.6066579057579624,0.08783090714448451,2.35309749233413,0.592003928820835,0.7717033613417129,-0.9482791827901992,0.14685292521024382,0.4554013059025973,-0.048038828203522566,-0.3548991895682623,-0.29495303504139153,-0.11323299984448652,0.10041706822128031,-0.08744045539014292,0.539585881017807,0.9728853419473736,-0.8288628928011881,-0.19125400489805455,-0.0752966537131901,17653.5,0
76,-0.019032923511872135,-0.30691406087230505,1.6887174752758851,-0.5337632479235012,0.1832476191647872,0.6188320501371136,0.6210331047558387,-0.09474153371882156,0.36272702387474964,0.37883091719936673,-0.060865449441622324,1.303869670587438,-0.5068136530926167,0.7063441627619369,-1.0870149262916686,0.15492408705817076,0.518620345775774,0.10453578923474344,-0.0488068775213989,-0.14564505638097788,-0.05732621262162059,0.3532445059756398,-0.08943353528528544,0.5638905765448883,-0.07753943390980893,0.8611522587728969,-0.20662963358953101,0.005054161982789713,22946.96,0
77,0.771866841886426,-0.4676779878508548,0.5133824436154724,-0.23381681173711039,0.2800928570756844,0.48525876327414524,0.5497074823681376,-0.14373766482232195,0.2734034843560139,0.6118423163158387,0.05584766260258599,1.5802642200185577,0.1850257398986125,1.1338367709084989,0.46841724514139926,0.5430814224225626,0.29359510855130544,0.006363915515031497,-0.2816218860212044,-0.040856875357061714,-0.23962178603646114,-1.1517196390069264,0.06206444585929678,-0.6297957317894625,0.17012501946245936,-2.1795745180329473,-0.23678434584014552,-0.014178574958406076,7654.09,0
78,-0.026620033557590576,-0.10761191169561364,1.3012575776760007,-0.39125552408332653,0.5009565259149119,0.3249156777488095,0.864903660626957,-0.243201649803764,0.3902313127703242,1.1102388555597833,-0.07746808649062722,0.7239248579041014,-0.21977335137242948,0.7047738964048277,0.4904602472787655,0.34006792451012485,0.21918815926417504,0.8197084421695299,0.4485517766220453,0.19402130320265676,-0.10176981438127701,0.4930460038789354,-0.22289998929131136,0.039605488094092464,-0.3721147134005525,-0.9035291498482152,-0.15485646108651638,-0.525345708334349,5955.97,0
79,-0.060416904034331226,-0.2517637666157256,0.5841519025886606,-1.0925714831008817,1.9029777396260854,2.2841413760926734,0.6465674105580217,0.005631877703230519,0.38477438253883295,0.4397191665932401,-1.1028428897235254,0.506347093962702,-0.3602311786989283,0.6086257119104261,-0.8103749276885347,0.442904328520367,0.19658573281659206,0.31184007552409787,-0.35353422880925495,-0.16585390407091669,-0.15837488700131253,-0.31320236284063374,-0.35256688589715174,2.211876323116123,0.7546501928102937,-1.286393348602094,-0.4659094217154947,-0.38111734964737787,11133.27,0
80,1.0418383069002464,-0.35992370504599325,0.7550016095254803,-0.3602053205488031,0.08308117191776672,-0.125419037241084,0.45608559640800833,-0.19919796685685592,0.5163632682768393,0.5699884200375299,-0.7375020249428917,0.9123706276456115,0.45998985378324986,0.8327763396228923,1.2060647360059746,0.6652219211283431,0.3119329816644663,-0.0014793406050201928,-0.3180442926034307,-0.2545102010307787,-0.2075972989283852,-0.6907603702873986,0.11489717016841,0.8095910251439032,0.2766305859138536,0.22702137551723095,-0.27035709419673654,-0.05369677062354705,6386.16,0
81,0.9486519808209225,-0.4246151220968055,0.609499165799822,-0.1415122640349203,0.23647523239532203,0.6448781445447487,0.38867936764734523,-0.10018326591415391,0.653169229020256,0.6346887739770142,-0.2632469018367583,0.921362375992134,-1.4341760318298167,1.0148972322896723,-0.6932810784262926,0.2640148433849354,0.43026141665539774,0.18280794466343425,-0.16705863267298995,-0.4283549435877039,-0.13861444227761605,-0.14400756296439432,-0.12211262061923041,-0.5489703868909852,0.9795802317390448,-0.7260788437673228,-0.20638494554205258,-0.10152084976501363,21547.98,0
82,-0.6103080825149539,0.3163132347434125,1.4708431485175881,-2.141258452076381,0.37981678053054124,-0.01978425722282254,1.3734673909931345,-0.534046785784483,4.014413366241156,5.342059823446595,0.4692948915359713,0.6597150203088276,-0.28508931849423264,-0.21462749472153167,0.2892907307494023,0.29702802457846667,-0.040743871148151874,0.05898757818562647,-1.0601348061399423,2.1607234975156095,-0.45932751305262376,-0.20742993743645172,-0.18775750742125288,1.0995690958135727,0.13910690019904978,0.9884518601508937,-0.5108433399394742,-2.7984210822692117,23637.63,0
83,-0.21797478916064916,-1.0039323726760687,1.7909823792265833,-3.868896376197151,0.38907189794959524,0.37493565836264486,0.818421518366711,-0.3727500307559702,1.7616585193454803,0.565324080647727,0.1586329504265977,0.9831186431239544,-0.8811679427975769,0.24174315737948585,0.11420713092542113,-0.5582086242313592,0.2902224058748034,1.0305505068605902,-1.6166607425154933,-0.9781025310728748,-0.2893865797680382,0.27207058007646817,-0.38444869386619995,-0.5261241047705218,-0.5663392588483149,-3.43011817838581,-1.313846581703473,-1.8876055609300844,6748.27,0
84,0.9938129742015773,-0.33804870706863194,0.6191012700188288,-0.35126607692509426,0.1972580845237343,0.12569773394759423,0.44977415661556297,-0.17346793989465897,0.4691732283733469,0.46220283666746637,-0.4711419200124497,1.058192220423814,0.7637288583833586,0.5311754247386806,1.5675691102352982,0.571142283290354,0.5262211535702258,-0.1270180904465412,-0.7137527066175392,-0.23570361227706849,-0.20536437080154923,-0.640930263416527,0.12771992361525603,0.12736669719430704,0.1733459529127386,0.2878403110418068,-0.24307426075096955,-0.02899097068849382,19010.77,0
85,-0.8582339385398338,-2.3287675976706534,3.513551623592315,-0.25216135631375447,1.9271779937077624,0.1858993300930582,-0.2401368325262757,0.004038461557999907,1.9554375208746837,0.36573187531509865,-0.3915635477515038,1.7138997310035191,-0.9716569117133641,0.2006302687516834,-2.2179343368703557,0.3441167839443862,0.40838928373878913,0.07487676575415407,-1.7401487560902273,-1.1872569968537072,-0.12225700308192412,0.785469179935313,-0.9566539945288732,-0.1777770006140707,0.5942696959078887,-0.7241609757776302,0.45332002089361767,-1.2083998580703172,12609.99,0
86,-0.09330550680318243,-0.1726889593693833,0.9537216363221637,-0.742244956872116,0.6114147717083338,-0.41285343978202005,0.7470166846725106,-0.1542830669161586,0.0844237610153116,0.22678379078091165,0.09918821126752257,0.4484535146315491,-1.5868945642901482,0.4021892685174617,-0.3574514745962362,1.0751687713874791,0.6079317573340957,0.9782126730048306,-0.796561944798195,-0.2667998806199347,-0.08903670307967405,-0.14954973349685613,-0.20278577567457878,0.8484020766435381,-0.1264560533751617,0.38173354051536434,-0.2059605695793319,0.22105915135066417,1122.92,0
87,-0.11656796730985752,-0.11591312270849047,1.2909700504184183,-0.16814879298385227,0.2618436427415989,0.6645706840772158,0.5800826062709435,-0.07926687713334087,0.4776572798221152,0.8510563198262441,-0.18664314451866,0.571959572939546,-1.9538374381519392,0.9781131188431148,-0.32648309075100646,0.004084113166030593,0.6067956328190557,0.31907246747735324,0.59994765000125,-0.032191746370467324,-0.1128605139519014,0.1577832225498182,-0.15621949804751073,0.02284766710354234,-0.30372492375160537,-0.5684127228037934,0.2322321646128436,0.5665908522930836,23557.97,0
88,0.24525797955543316,-0.4624676248099617,0.27585202431349315,-2.7101436774958376,1.6295605950792795,1.8975090651944062,0.6086673063138989,-0.09145715384592204,1.1266666422810927,0.32499891571701406,-0.48565736947921295,0.6269817029743298,-0.03656917159950148,0.6790060523854066,2.064566800399445,0.25278345610479724,0.1942454902847163,0.4433044578465959,0.7994984753363272,0.0067554349077840106,-0.2005509458660838,-0.43296816017229744,-0.005110805699262592,2.252265231478834,-0.49769898253514394,-0.6951490944736539,-0.6565212777520801,-1.1589124571748817,14643.66,0
89,-0.09325567021383584,-2.1936121867752245,0.13517664497147533,-0.6134914787619424,-0.27215138007066075,0.7317079351318683,0.7200234652917096,-0.22220633491746863,0.04471487087795756,0.6056982270676404,-1.0379329406778794,0.4989303642409927,1.6898139254538547,0.5723894342972046,1.4672837990834413,1.589145798281764,0.4814241289606771,-0.3248841283927711,-0.21851542666107435,2.1482231114650525,0.2398222711807312,-0.018999962937882954,-1.1058745238544927,-1.0999321265003446,0.0766688711393306,-0.48425109816499734,-0.42714762405913825,0.4020245062929692,4475.43,0
90,0.7714760886985401,-0.5009319295616964,0.4339833416054257,-0.41904080107475894,0.24516229132739728,0.2424526824521062,0.6136474877922415,-0.17885433524323235,0.1761271139616014,0.5904382542879308,0.22215201214031718,2.031839681986255,0.7671832325707133,1.0801460499074067,0.23946806216631306,0.41564748910159344,0.3597298645512138,-0.16935925434403068,-0.22307849484384254,0.0542612941359337,-0.18820211509620982,-0.8500393936311705,0.00513195206317149,0.0995909845678313,0.17017284397330973,0.31256154801410574,-0.3204619447126119,-0.046078037041879176,7158.11,0
91,0.8858473065744984,-0.42976523214428664,0.6349453665327639,-0.10479282666987058,0.08758396626016798,-0.04065648176401519,0.5072045906009638,-0.19522385985957638,0.529102827833343,0.6161699825625637,-0.953484867227367,0.5495335867836575,-0.40791509581894597,0.9795162862084892,1.1806486221076293,0.5850735792893356,0.3080505942498005,0.3248537371109818,-0.6560854171513439,-0.16504893627404665,-0.05704377720077658,0.11031559592279282,-0.20143820890639308,0.8307226229226528,0.9647236522269977,-0.6829180353157629,-0.2393181658645814,-0.013539009701625538,18526.43,0
92,0.9160601989290242,-0.37228165593323564,0.7695676830297987,-0.050464291831553626,0.15993810965650132,0.27652727249080755,0.48745057210253595,-0.17193430513312807,0.5839373748188265,0.5336198370976349,-0.6741067694347013,1.5654789444751542,0.7075069010369669,0.6643742310244598,-0.2643135642909913,0.04938614446061112,0.5595982613209755,-0.2956110004585107,-0.6589456285797585,-0.2781776860286232,-0.12737385648149174,0.012243551710248579,-0.07174630071480888,0.9427801500075048,0.9917134619392685,-0.809020467464188,-0.18935144280942418,-0.04144749368839336,7665.91,0
93,-0.17217106797581605,-0.1299615068172119,2.134849934998082,-0.7090755962726863,0.14219164589123967,0.39377910757728335,0.5129741775997784,-0.0859140067736587,0.5524212676183402,0.5334272639744558,-0.8643560453300283,0.28873104153353135,-0.9750011858190307,0.75629757125358,1.9357127971247097,0.5736467998368567,0.3932328052051306,0.14184485287139548,-0.6422349339935408,0.019894784083829678,-0.14274539655512833,-0.1975563524521773,-0.16143650086810218,0.14320088250650467,0.045434419498286034,0.6702139891516796,0.2433013748620777,0.37442503264725685,19333.92,0
94,1.0021995940735189,-0.4787622283764935,0.060914902206067004,-0.49757682650715207,1.3753231770257899,2.276760571792235,0.30446119155172574,0.04694912422587235,0.5997581115057012,0.5854257066802859,-0.979668831849613,0.781121757434543,-0.14630207533178408,0.8146332518031356,-0.20490521974770176,0.4079290153807948,0.28877761686847,0.2709072245223321,0.08419893157360706,-0.14788631153039183,-0.17104739999056337,-0.4825636163102926,-0.17391137396593606,2.247867438306124,1.4163109581646163,-0.7878458996743903,-0.2144797307823736,-0.058919980208018995,17403.32,0
95,-0.05597968742896943,-0.31078301497459704,1.9801557730112747,-0.7706757735921254,0.3127686311628748,0.27044001840295256,0.8119232689364665,-0.1910856104754621,0.5100127599995495,0.3110188831722948,-0.7322684797102845,1.1165196878504646,0.4573273935458776,0.4549438335435436,-0.6816565031792925,0.19344172533930007,0.44193350550380794,-0.34172597134358246,-0.9321830310645598,-0.09756655206602532,-0.1663905663135812,-0.2587333756144078,0.06776661173533297,0.8935741249059193,-0.6443852197870896,0.1837290786771949,-0.34324288230475314,-0.3240277091087633,1290.82,0
96,0.8006864190963485,-0.322303701395934,1.0032280926831953,0.22427793449390424,0.40000894028266426,1.203140203460421,0.34278429052774967,-0.032176615043305705,0.11413203538318066,0.8173286587142521,-0.21645550384727574,0.8883648548917126,-0.15222862313667085,0.9558828213900892,2.098787379393502,0.1945351703889308,0.689004179390752,-0.7916760885098085,-2.7019324703203367,-0.4729996138581784,-0.16616661439832536,-0.4033283587846601,0.3454342942715367,-1.1667336399885675,-0.40256235192796436,-0.5118226049800407,-0.15849087099760908,-0.04982944930462044,16429.13,0
97,-0.05436445011853096,-0.3908055727252045,1.5652314955396445,-0.11164597041904244,0.7094663460647895,0.27513991597265974,0.6085280038661641,-0.18218837691135226,0.37967624188023985,0.554674778107109,-0.9809669623098674,0.8311694148103509,0.2206180333940552,0.596732753297992,-0.01774911135462328,-0.08461358991516284,0.581792896624097,-0.1014409701845359,0.15415106059780465,0.06569591352413592,-0.08783742425001827,0.27383709638792286,-0.03884095093738863,0.23658749115600058,-0.5077696801775372,-0.8373740175473272,-0.22496833077589357,-0.21984336423213122,14320.51,0
98,-0.29487318321991424,-0.17747464376021954,2.596990064229684,0.4554273902114642,0.03965013427242563,0.6213869967067931,0.4288635316808964,-0.12921822311631245,0.33048304609654633,1.2268409553084307,-0.9860245838174189,0.550603449562286,0.2886129561958589,0.3963619588457552,0.548134825555017,0.319426252430714,0.5263004104714321,0.3224215010188817,0.5208127337702322,-0.19207232809580457,-0.15984443601605136,0.2917603342229586,0.3203256293330828,1.5550295541236343,-0.4352566872476495,0.2812517776099048,-0.5788174990272107,-0.927020966854321,23504.71,0
